particle,x,y,t
0,66.3258361816,327.339233398,0
0,66.39868927,327.211029053,1
0,66.0,327.0,2
0,66.0,328.0,3
0,67.93937683109999,326.59729003900003,4
0,67.5680236816,327.126739502,5
0,66.4902572632,327.13635253900003,6
0,70.6509780884,324.662841797,7
0,66.861579895,326.880676269,8
0,67.9978256226,326.498931885,9
0,70.0,326.0,10
0,69.8782043457,323.70812988299997,11
0,70.5708694458,323.871826172,12
0,69.46724700930001,325.385284424,13
0,68.7289199829,325.668121338,14
0,66.5018844604,327.0,15
0,66.4954071045,327.0,16
0,66.8598861694,326.106811523,17
0,66.8517150879,326.701568603,18
0,66.6661834717,326.867980957,19
0,66.3639831543,327.118988037,20
0,66.8066635132,326.037139893,21
0,67.7544250488,325.256439209,22
0,66.6652832031,326.876373291,23
0,65.5189208984,326.991149902,24
0,65.03787231449999,327.5206604,25
0,67.664604187,325.974090576,26
0,65.2501373291,326.751342773,27
0,65.2854537964,327.38961792,28
0,67.18887329100001,326.105163574,29
0,64.5630950928,327.856262207,30
0,67.134803772,325.863769531,31
0,67.2742233276,325.461273193,32
0,68.0,326.0,33
0,65.5772323608,326.83312988299997,34
0,66.4158477783,326.21829223599997,35
0,67.13027954100001,325.739257812,36
0,66.5069732666,326.255554199,37
0,67.3225402832,325.376739502,38
0,67.13507843020001,326.285827637,39
0,67.118850708,326.702941894,40
0,66.9855041504,326.140472412,41
0,67.6978378296,326.365020752,42
0,66.18142700199999,325.760650635,43
0,69.6183547974,324.375488281,44
0,66.1444473267,326.17288208,45
0,65.3537826538,326.898620606,46
0,67.4038772583,325.395111084,47
0,66.0431060791,327.059997559,48
0,65.6071853638,326.798858643,49
0,67.1678314209,325.664367676,50
0,66.8390960693,326.253753662,51
0,66.0,326.0,52
0,65.6547241211,326.575866699,53
0,65.8108444214,325.857238769,54
0,68.5069351196,323.87234497099996,55
0,68.77318573,323.696502685,56
0,71.501701355,323.0,57
0,66.0458450317,325.615966797,58
0,65.2880859375,326.428314209,59
0,68.5165710449,324.28054809599996,60
0,63.7575035095,325.32589721700003,61
0,65.8671569824,325.464233398,62
0,66.0418777466,325.233062744,63
0,65.43464660640001,326.268157959,64
0,64.9192352295,325.17468261700003,65
0,65.7121963501,325.504577637,66
0,66.0441436768,325.72766113299997,67
0,64.9912643433,326.49328613299997,68
0,65.7998962402,326.31262207,69
0,66.4070739746,325.255615234,70
0,66.33056640619999,325.305175781,71
0,67.3832473755,324.80383300799997,72
0,66.034828186,324.559509277,73
0,64.7284851074,324.57458496099997,74
0,66.8342285156,324.330200195,75
0,67.1631393433,324.364654541,76
0,66.340133667,325.301940918,77
0,69.3828277588,324.110198975,78
0,64.3855056763,326.49307251,79
0,66.2562103271,327.157226562,80
0,66.696144104,328.277435303,81
0,66.6313781738,327.320343018,82
0,66.3833618164,328.22293090799997,83
0,66.2723617554,327.65066528299997,84
0,66.1421508789,327.462402344,85
0,65.8000793457,325.002105713,86
0,68.6073303223,323.552551269,87
0,65.55828094479999,324.535797119,88
0,65.5125961304,324.988952637,89
0,67.8283691406,323.771453857,90
0,68.9409866333,323.453094482,91
0,70.0797805786,322.59564209,92
0,70.5894393921,322.200439453,93
0,69.6592102051,323.138885498,94
0,69.2388381958,323.945526123,95
0,68.44417572020001,324.541198731,96
0,66.8768157959,324.24768066400003,97
0,67.59897613529999,323.996673584,98
0,67.8410644531,323.537689209,99
0,66.8902130127,323.217437744,100
0,67.436378479,322.963500977,101
0,67.7764511108,323.670013428,102
0,66.86317443850001,323.714996338,103
0,67.8193664551,324.201293945,104
0,67.6429977417,323.34988403299997,105
0,66.6473693848,323.352294922,106
0,65.2514801025,325.41607666,107
0,65.6687927246,323.998382568,108
0,67.63996124270001,323.495605469,109
0,66.5521316528,324.022949219,110
0,70.1526184082,322.641448975,111
0,70.43124389649999,322.36569213900003,112
0,70.5930633545,322.370056152,113
0,68.31368255619999,322.692687988,114
0,68.0911941528,323.087677002,115
0,64.8212661743,324.825622559,116
0,65.9301071167,324.671630859,117
0,66.13814544680001,324.819274902,118
0,66.3911437988,324.63113403299997,119
0,65.8868865967,325.000305176,120
0,67.0023193359,323.499359131,121
0,65.5106506348,324.008789062,122
0,69.0278015137,322.505310059,123
0,67.78397369380001,322.847869873,124
0,68.1025466919,322.28283691400003,125
0,66.1274642944,324.26605224599996,126
0,65.9028625488,323.93917846700003,127
0,64.9667434692,324.457519531,128
0,64.48482513430001,323.87350463900003,129
0,64.7233963013,323.943023682,130
0,65.5127334595,324.433746338,131
0,65.98965454100001,323.856384277,132
0,67.9900054932,322.917175293,133
0,67.6976776123,323.270690918,134
0,68.5429840088,323.328796387,135
0,67.7993774414,324.844787598,136
0,67.2135162354,324.939666748,137
0,67.3737258911,324.59680175799997,138
0,66.9123687744,323.245849609,139
0,65.6099700928,323.798248291,140
0,66.9087524414,323.80773925799997,141
0,65.7475128174,322.73526001,142
0,66.4223175049,323.168151856,143
0,66.27034759520001,323.67263794,144
0,66.512008667,323.327911377,145
0,66.9235229492,323.141174316,146
0,66.9776611328,323.137664795,147
0,67.4351577759,322.821960449,148
0,65.283454895,323.948608398,149
0,65.98838806149999,323.012023926,150
0,64.9426269531,323.746124268,151
0,69.4749069214,321.532196045,152
0,69.349571228,321.596099853,153
0,67.1851425171,322.427978516,154
0,65.0785598755,323.251770019,155
0,68.4013290405,321.673828125,156
0,63.908611297600004,324.263336182,157
1,118.424736023,28.467754364,135
1,117.577423096,27.6615352631,136
1,118.572006226,27.127199173,137
1,118.546737671,26.774387359600002,138
1,118.71611023,25.559873580900003,139
1,119.533592224,27.845922470100003,140
1,118.967086792,28.2414741516,141
1,117.005088806,27.0,142
2,352.835449219,238.934936523,0
2,352.755859375,239.35763549799998,1
2,352.86679077199994,238.90605163599997,2
2,352.927703857,239.429122925,3
2,352.84631347699997,238.922317505,4
2,353.132507324,239.13259887700002,5
2,352.652282715,239.12373352,6
2,353.056732178,238.921295166,7
2,352.73727417,238.672424316,8
2,352.81625366199995,238.52154541,9
2,352.918548584,238.68280029299999,10
2,352.76013183599997,239.36622619599999,11
2,352.80895996099997,238.30656433099998,12
2,352.78674316400003,239.13671875,13
2,352.57498169,239.20918273900003,14
2,352.640350342,238.41134643599997,15
2,352.507537842,238.572921753,16
2,352.758300781,238.364700317,17
2,353.16885376,238.061782837,18
2,352.81762695300006,238.070175171,19
2,352.78048706,238.12019348099997,20
2,352.476287842,238.216812134,21
2,352.858734131,238.043640137,22
2,352.945861816,238.30070495599998,23
2,352.77191162099996,238.089004517,24
2,352.73956298800005,237.79978942900001,25
2,352.57611084,237.547821045,26
2,352.767822266,238.067687988,27
2,352.692260742,237.721099853,28
2,352.52734375,237.68742370599998,29
2,352.79058837900004,238.093338013,30
2,352.661346435,237.440155029,31
2,352.65554809599996,237.455245972,32
2,352.639984131,238.20208740200002,33
2,352.51232910199997,237.98802185099998,34
2,352.59375,237.527450561,35
2,352.889526367,238.13958740200002,36
2,352.716033935,237.925796509,37
2,352.62484741199995,237.693984985,38
2,352.659515381,237.94267273,39
2,352.869720459,237.93598938,40
2,352.415008545,237.249526978,41
2,352.69848632800006,237.81312561,42
2,352.740142822,237.792526245,43
2,352.638488769,237.856994629,44
2,352.73654174800004,237.796585083,45
2,352.939361572,238.14781189,46
2,352.788787842,237.49760437,47
2,352.65078735300006,237.412734985,48
2,352.90713501,237.56787109400003,49
2,352.56652832,237.22076416,50
2,352.53253173800005,237.429519653,51
2,352.551574707,237.309829712,52
2,352.67361450199996,237.259231567,53
2,352.593414307,237.361343384,54
2,352.52972412099996,236.88052368200002,55
2,352.662658691,237.182037353,56
2,352.81152343800005,238.250930786,57
2,352.877441406,237.412109375,58
2,352.82189941400003,236.946731567,59
2,352.900878906,238.393722534,60
2,352.67337036099997,237.418670654,61
2,352.968688965,237.498580933,62
2,352.79116821300005,236.879196167,63
2,352.91671752900004,237.17950439400002,64
2,352.858215332,236.76731872599998,65
2,352.82464599599996,237.345825195,66
2,353.05899047800006,237.18455505400001,67
2,352.242767334,237.262695312,68
2,352.466613769,236.47242736799998,69
2,352.935638428,236.460906982,70
2,352.64721679699994,237.47706604,71
2,353.058929443,237.04708862299998,72
2,352.441162109,236.986480713,73
2,352.398925781,236.693527222,74
2,352.417724609,236.42359924299998,75
2,353.027160644,236.99868774400002,76
2,352.99511718800005,237.001495361,77
2,352.5859375,236.843032837,78
2,352.929107666,237.220077515,79
2,352.34173584,237.030319214,80
2,353.99789428699995,238.74879455599998,81
2,352.96472168,236.981719971,82
2,352.48925781199995,236.635314941,83
2,353.072906494,236.530181885,84
2,352.846282959,236.76574707,85
2,352.05212402300003,237.054595947,86
2,353.52435302699996,237.113296509,87
2,352.527648926,237.09634399400002,88
2,351.00173950199996,236.0,89
2,352.152618408,236.76583862299998,90
2,352.893341065,236.691986084,91
2,353.26193237300004,236.16496276900003,92
2,353.037597656,236.396957397,93
2,352.670104981,236.560531616,94
2,352.257293701,236.83755493200002,95
2,352.884948731,236.887176514,96
2,352.657928467,236.478485107,97
2,353.295471191,236.09033203099997,98
2,352.36013794,236.24909973099997,99
2,352.789550781,236.449951172,100
2,352.86706543,236.32083129900002,101
2,352.103179932,236.39622497599998,102
2,352.092285156,236.471679688,103
2,352.714752197,236.263397217,104
2,351.961883545,236.093643189,105
2,352.69128418,237.18341064400002,106
2,352.514221191,236.403839111,107
2,351.33291626,235.227127075,108
2,351.933776856,234.762451172,109
2,351.760925293,235.27230835,110
2,351.124908447,234.99388122599998,111
2,352.31378173800005,236.59884643599997,112
2,352.074768066,236.215545654,113
2,352.135101318,236.62702941900002,114
2,352.679046631,235.73580932599998,115
2,351.951049805,236.900680542,116
2,352.22946167,236.44692993200002,117
2,351.97583007800006,236.393585205,118
2,352.427612305,234.66065979,119
2,352.79922485300006,235.093139648,120
2,353.799621582,234.943252564,121
2,352.884185791,235.71965026900003,122
2,352.76519775400004,235.60643005400001,123
2,351.959747315,236.09674072299998,124
2,350.979370117,235.180786133,125
2,350.37039184599996,234.106292725,126
2,350.26129150400004,235.683837891,127
2,352.173583984,235.89070129400002,128
2,354.0,236.0,129
3,219.27420043900003,37.5870056152,113
3,222.86793518099998,45.2235374451,114
3,223.0,46.0,115
3,223.001800537,46.1701622009,116
3,222.677902222,45.5640335083,117
3,222.50079345700001,46.0,118
3,222.975540161,45.4933013916,119
3,223.076797485,46.4718894958,120
3,222.504837036,45.4057540894,121
3,222.102798462,45.1854705811,122
3,222.367599487,45.2363548279,123
3,222.844146728,44.70753479,124
3,222.400527954,45.0310173035,125
3,223.0,44.0,126
4,159.0,90.0,113
4,157.70930481,88.69095611569999,114
4,157.762771606,88.43991088870001,115
4,156.904693603,88.58905029299999,116
5,425.52078247099996,55.385925293,0
5,425.519500732,56.0466918945,1
5,425.521575928,55.6167373657,2
5,425.232727051,55.6313247681,3
5,425.256195068,55.2044525146,4
5,425.40841674800004,55.2828826904,5
5,425.482238769,55.3799057007,6
5,425.587921143,55.288696289099995,7
5,425.441070557,55.1885147095,8
5,425.335449219,54.761638641400005,9
5,425.42929077199994,54.6869125366,10
5,425.15444946300005,55.5903091431,11
5,425.39633178699995,55.2803878784,12
5,425.432739258,54.7604866028,13
5,425.280914307,55.1090736389,14
5,425.21252441400003,54.9752807617,15
5,425.34283447300004,55.087577819799996,16
5,425.31076049800004,54.637878418,17
5,425.17065429699994,54.6902656555,18
5,425.279022217,54.293090820299994,19
5,425.450653076,54.2419815063,20
5,425.422515869,54.3302230835,21
5,425.349060059,54.3881378174,22
5,425.35525512699996,54.7844238281,23
5,425.71530151400003,54.1170501709,24
5,425.549346924,54.1835632324,25
5,425.043518066,54.609577179,26
5,425.73593139699994,54.1827201843,27
5,425.68313598599997,54.221988678,28
5,425.71813964800003,54.36800384520001,29
5,425.709533691,54.2124862671,30
5,425.560577393,53.9347648621,31
5,425.40585327199994,54.2608146667,32
5,425.36868286099997,53.914123535200005,33
5,425.41873169,54.116546630900004,34
5,425.10281372099996,54.1859283447,35
5,425.428039551,54.2344856262,36
5,425.258087158,54.3727989197,37
5,425.414093018,54.3173828125,38
5,425.317230225,53.964096069300005,39
5,425.27694702199994,54.050441741899995,40
5,425.184417725,53.746948242200006,41
5,425.098815918,53.3916435242,42
5,425.74127197300004,53.7732429504,43
5,425.46911621099997,53.834980011000006,44
5,425.369415283,53.908332824700004,45
5,425.50390625,53.449687957799995,46
5,425.610839844,53.6170883179,47
5,425.794799805,53.765567779499996,48
5,425.354003906,53.634677886999995,49
5,425.32699585,53.3511123657,50
5,425.64776611300005,53.804958343500005,51
5,425.33245849599996,53.8276634216,52
5,425.475158691,53.4651374817,53
5,425.72424316400003,53.5816001892,54
5,425.657043457,53.3877944946,55
5,424.894500732,53.609325408900006,56
5,425.270996094,53.5858268738,57
5,425.714538574,53.2642326355,58
5,425.156341553,53.347343444799996,59
5,425.39767456,53.32762146,60
5,424.97564697300004,53.939182281499995,61
5,425.38543701199995,52.942123413100006,62
5,425.244689941,53.358036041300004,63
5,425.753356934,53.1763267517,64
5,425.486633301,53.2591056824,65
5,425.044158935,54.1715965271,66
5,425.13220214800003,52.964202880900004,67
5,425.72891235300006,53.2148017883,68
5,425.49090576199995,53.308303833000004,69
5,425.89916992199994,53.1104469299,70
5,425.445495606,54.089756011999995,71
5,425.04776001,53.3636550903,72
5,425.316986084,53.1626930237,73
5,425.417449951,53.611660003699996,74
5,425.11367797800006,53.4867134094,75
5,425.196960449,53.1307144165,76
5,426.14514160199997,52.6424751282,77
5,425.628631592,53.1553153992,78
5,425.01458740199996,52.633171081499995,79
5,425.198394775,53.4731025696,80
5,425.27517700199996,53.011505127,81
5,424.407623291,53.08984375,82
5,425.51824951199995,52.828105926499994,83
5,425.17260742199994,52.874565124499995,84
5,425.526245117,53.3818016052,85
5,425.406433106,53.007205963100006,86
5,425.746643066,52.8407554626,87
5,425.815887451,52.635341644300006,88
5,426.12573242199994,52.4803009033,89
5,425.54760742199994,51.9571990967,90
5,425.15383911099997,52.5607185364,91
5,425.388366699,53.6600418091,92
5,426.09704589800003,52.1600914001,93
5,425.856262207,52.480667114300005,94
5,425.285186768,52.3300476074,95
5,425.507568359,52.7927894592,96
5,426.23107910199997,53.009822845500004,97
5,425.358795166,52.3693885803,98
5,425.574737549,52.6041717529,99
5,425.679199219,52.880424499499995,100
5,426.49197387699996,52.988567352299995,101
5,426.671966553,53.6985931396,102
5,426.20944213900003,53.9547691345,103
5,425.547424316,53.9536514282,104
5,424.79342651400003,53.1232719421,105
5,426.154418945,52.9555969238,106
5,425.66540527300003,52.6742706299,107
5,425.918243408,52.569934845,108
5,425.719329834,52.1245880127,109
5,426.024627685,53.398059845,110
5,425.40859985300006,52.6050186157,111
5,425.896453857,53.1446838379,112
5,425.41442871099997,53.399501800500005,113
5,426.505065918,54.50157547,114
5,426.08892822300004,52.3451385498,115
6,223.048858643,45.1941223145,102
6,222.801605225,45.2079315186,103
6,222.90872192400002,45.2015266418,104
6,223.486053467,45.581809997600004,105
6,223.15267944299998,44.711128234899995,106
6,223.251144409,45.3805770874,107
6,222.69430542,43.8487472534,108
6,222.51164245599998,44.4245643616,109
6,222.998580933,44.71105575560001,110
7,222.513000488,46.9924812317,57
7,222.317504883,44.9197692871,58
7,222.03805542,42.1345710754,59
7,222.708572388,46.268676757799994,60
7,222.690261841,46.2437591553,61
7,222.0,46.0,62
7,222.61265564,46.133502960200005,63
7,222.74238586400003,45.678447723400005,64
7,222.464447022,44.7590827942,65
7,222.551223755,45.54434204100001,66
7,222.0,42.0,67
7,222.44177246099997,47.2302742004,68
7,223.0,46.0,69
7,222.735626221,45.784492492700004,70
7,222.774536133,45.9193267822,71
7,222.582046509,45.26913452149999,72
7,222.49856567400002,46.0,73
7,222.38667297400002,44.938812255900004,74
7,222.61528015099998,46.322177886999995,75
7,223.007705689,45.5449905396,76
7,222.443374634,44.7239570618,77
7,223.271575928,44.509994506800005,78
7,222.858093262,46.2379760742,79
7,222.823501587,44.3666687012,80
7,222.749191284,45.3780708313,81
7,222.63919067400002,44.891471862799996,82
7,222.982284546,45.5164642334,83
7,222.62060546900003,46.3115921021,84
7,222.536010742,45.2807922363,85
7,222.584487915,45.437377929700006,86
7,222.13648986799998,46.871963501,87
7,222.043212891,46.6648216248,88
7,222.568450928,45.2053222656,89
7,222.694656372,45.944698333699996,90
7,222.16079711900002,43.7796173096,91
7,222.379745483,45.1157493591,92
7,222.50607299799998,46.486782074,93
7,222.091217041,46.678047180200004,94
7,221.96070861799998,47.203624725299996,95
7,222.893081665,44.8101959229,96
7,222.51890564,44.99559021,97
7,222.688858032,44.9083557129,98
7,222.50555419900002,44.537853241,99
7,219.063613892,37.802230835,100
8,137.27545166,343.341674805,0
8,137.455612183,343.65612793,1
8,136.748947144,343.384918213,2
8,136.949981689,342.77633667,3
8,137.084487915,343.227203369,4
8,136.74566650399998,342.947601318,5
8,136.74949646,343.07742309599996,6
8,137.132568359,342.91769409200003,7
8,137.20355224600002,342.59613037099996,8
8,136.989395142,343.062683106,9
8,137.1040802,342.847869873,10
8,136.848907471,342.01852417,11
8,136.850372314,343.165405273,12
8,136.796035767,342.767059326,13
8,136.65396118200002,342.08117675799997,14
8,136.647766113,342.55041503900003,15
8,136.406265259,342.465789795,16
8,136.82232666,342.28414917,17
8,136.26902771,342.32409668,18
8,136.344863892,341.60055542,19
8,137.219833374,342.717681885,20
8,136.94622802700002,342.07510376,21
8,136.95611572299998,342.14025878900003,22
8,136.767623901,342.08404541,23
8,136.814178467,342.82839965799997,24
8,136.803222656,342.373260498,25
8,136.695114136,342.350006103,26
8,136.215332031,341.839782715,27
8,136.41418457,341.992370606,28
8,136.897216797,341.76135253900003,29
8,135.88648986799998,342.00738525400004,30
8,136.686523438,341.401855469,31
8,136.669769287,341.47506713900003,32
8,136.422134399,341.62936401400003,33
8,136.62663269,341.765533447,34
8,136.508361816,342.257965088,35
8,136.255569458,341.57965087900004,36
8,137.10177612299998,341.446685791,37
8,136.858856201,341.558197022,38
8,136.475540161,341.725158691,39
8,136.874481201,342.45779419,40
8,137.087310791,341.48757934599996,41
8,136.538986206,341.495941162,42
8,136.936981201,341.807525635,43
8,136.05557251,342.032958984,44
8,136.618286133,340.980407715,45
8,136.850921631,341.09475708,46
8,136.803970337,342.08551025400004,47
8,136.88294982899998,341.070861816,48
8,136.438034058,340.782867432,49
8,136.343017578,341.20666503900003,50
8,136.80317688,341.125152588,51
8,136.63304138200002,341.783386231,52
8,135.82342529299999,341.013671875,53
8,136.858978272,340.840454102,54
8,136.853393555,341.13323974599996,55
8,135.562469482,340.890655518,56
8,135.816131592,340.87847900400004,57
8,136.86891174299998,340.95748901400003,58
8,135.976745606,341.489318848,59
8,136.39419555700002,340.788513184,60
8,136.674682617,341.172454834,61
8,135.60317993200002,341.388793945,62
8,136.83673095700001,341.32901001,63
8,137.428863525,341.52105712900004,64
8,136.66734314,340.91015625,65
8,134.743286133,341.130340576,66
8,135.98919677700002,340.70941162099996,67
8,136.049789429,341.122558594,68
8,136.58921814,340.83706665,69
8,135.986434936,341.34060669,70
8,137.138381958,340.643890381,71
8,136.894775391,339.95144653299997,72
8,135.498657227,340.0,73
8,134.211471558,338.87600708,74
8,134.068084717,339.02029419,75
8,135.629486084,339.986999512,76
8,136.69972229,340.212310791,77
8,135.770965576,340.649017334,78
8,135.296310425,340.68508911099997,79
8,136.75997924799998,340.313873291,80
8,138.498016357,339.996429443,81
8,136.335494995,340.457580566,82
8,136.726257324,340.683990478,83
8,135.793624878,340.89425659200003,84
8,137.212875366,340.093078613,85
8,137.057739258,341.003845215,86
8,135.143722534,340.423217773,87
8,136.986618042,339.136108398,88
8,137.25091552700002,340.10964965799997,89
8,137.757980347,340.189849853,90
8,138.294250488,340.048980713,91
8,138.455535889,339.963378906,92
8,138.116607666,340.625183106,93
8,137.884796143,340.600280762,94
8,137.331710815,340.55816650400004,95
8,136.893447876,341.41885376,96
8,136.39994812,341.00668335,97
8,136.0,342.0,98
9,431.987640381,310.903076172,0
9,432.34466552699996,310.907073975,1
9,432.566467285,310.485778809,2
9,432.36984252900004,311.015533447,3
9,432.14746093800005,310.74954223599997,4
9,432.421966553,310.28869628900003,5
9,432.168548584,310.651702881,6
9,432.04626464800003,310.936309815,7
9,432.21334838900003,310.60861206,8
9,432.021453857,309.992004394,9
9,432.29809570300006,310.852752685,10
9,432.535980225,310.492340088,11
9,432.19119262699996,310.527496338,12
9,432.089569092,310.35519409200003,13
9,432.796783447,310.326354981,14
9,432.31402587900004,310.585906982,15
9,431.867492676,309.971740723,16
9,432.611816406,309.980438232,17
9,431.98550415,310.206878662,18
9,432.257019043,309.829284668,19
9,432.540893555,310.362091065,20
9,432.85980224599996,309.64328002900004,21
9,431.67013549800004,310.11364746099997,22
9,431.745788574,309.924591065,23
9,432.023742676,309.73425293,24
9,432.241027832,309.84289550799997,25
9,432.684692383,309.982574463,26
9,431.570648193,309.478393555,27
9,432.03555297800006,309.45501709,28
9,432.075683594,310.220611572,29
9,432.42501831,310.447174072,30
9,431.611206055,309.966949463,31
9,432.14718627900004,309.706512451,32
9,432.090362549,309.628662109,33
9,432.03890991199995,309.550476074,34
9,432.85559082,309.97756958,35
9,432.665466309,310.462097168,36
9,432.308319092,309.233581543,37
9,432.368865967,309.297180176,38
9,432.354949951,309.465789795,39
9,432.089294434,309.481506348,40
9,431.53201294,309.38903808599997,41
9,432.446502685,309.06878662099996,42
9,432.681091309,309.23986816400003,43
9,432.340942383,309.183013916,44
9,432.219604492,309.41378784200003,45
9,432.732727051,309.663421631,46
9,431.047943115,309.052154541,47
9,431.625274658,308.989654541,48
9,432.925537109,309.282562256,49
9,432.563018799,309.056152344,50
9,432.07098388699995,310.18331909200003,51
9,432.38571167,309.462799072,52
9,432.87622070300006,309.18722534200003,53
9,432.433502197,309.671691894,54
9,432.143676758,308.744262695,55
9,432.545806885,308.886413574,56
9,431.599060059,309.46798706,57
9,431.89328002900004,309.47824096700003,58
9,432.773681641,308.06683349599996,59
9,432.37792968800005,309.40081787099996,60
9,431.566925049,308.72341919,61
9,431.931884766,308.859069824,62
9,431.745300293,309.065032959,63
9,432.299072266,309.201080322,64
9,431.475738525,308.812438965,65
9,432.12234497099996,308.796691894,66
9,431.81799316400003,309.052581787,67
9,432.13436889699994,309.230957031,68
9,431.501922607,308.0,69
9,430.990203857,307.279876709,70
9,432.528137207,308.38659668,71
9,432.183563232,308.86239624,72
9,432.35592651400003,308.44070434599996,73
9,431.80233764699994,308.645812988,74
9,431.588226318,308.13937377900004,75
9,431.30847168,308.243499756,76
9,431.177429199,308.527374268,77
9,433.724090576,308.276000977,78
9,430.989593506,308.48248291,79
9,432.56793212900004,308.07003784200003,80
9,431.01654052699996,308.99887085,81
9,433.145050049,309.071868897,82
9,432.47143554699994,309.180603027,83
9,431.39025878900003,308.05847168,84
9,430.895050049,307.734771728,85
9,430.87655639699994,308.46331787099996,86
9,430.658477783,308.765960693,87
9,430.882751465,307.669372559,88
9,430.910491943,307.861297607,89
9,432.297454834,307.29385376,90
9,432.20138549800004,308.01910400400004,91
9,431.32888794,307.32965087900004,92
10,365.954742432,441.71945190400004,0
10,365.66494751,441.44152832,1
10,365.83163452199994,441.119171143,2
10,365.698669434,441.144256592,3
10,365.66232299800004,440.924407959,4
10,365.864929199,440.953979492,5
10,366.217956543,441.878570557,6
10,365.798583984,441.36483764699994,7
10,365.646972656,441.161254883,8
10,365.692199707,441.093109131,9
10,365.942352295,441.20327758800005,10
10,365.936126709,440.79977417,11
10,366.566314697,441.439117432,12
10,365.89318847699997,440.395904541,13
10,366.12298584,440.91189575199996,14
10,365.70101928699995,440.80505371099997,15
10,366.108856201,441.639526367,16
10,365.94396972699997,441.054779053,17
10,365.80004882800006,440.85397338900003,18
10,365.72497558599997,440.72113037099996,19
10,365.686065674,440.25820922800006,20
10,366.05569458,440.758666992,21
10,366.12463378900003,440.544128418,22
10,366.125,440.955169678,23
10,365.78469848599997,440.83782959,24
10,366.374816894,440.987335205,25
10,365.947601318,440.734649658,26
10,365.849945068,440.73068237300004,27
10,366.32910156199995,441.175872803,28
10,366.509185791,441.000854492,29
10,365.73593139699994,440.49322509800004,30
10,366.09857177699996,440.525268555,31
10,366.27606201199995,440.81958007800006,32
10,366.404205322,441.205627441,33
10,366.30340576199995,440.554351807,34
10,366.163116455,440.757720947,35
10,366.46163940400004,440.82406616199995,36
10,366.031188965,439.628936768,37
10,365.863555908,440.16705322300004,38
10,366.289581299,440.212615967,39
10,365.64920044,439.401702881,40
10,365.87365722699997,440.558105469,41
10,366.024627685,440.210998535,42
10,366.395904541,439.21505737300004,43
10,365.52273559599996,438.67864990199996,44
10,366.13986206,439.83883667,45
10,366.158966065,440.626464844,46
10,365.33166503900003,439.40777587900004,47
10,366.404876709,439.72912597699997,48
10,365.792114258,438.80279541,49
10,366.889465332,440.49761962900004,50
10,366.665924072,440.162200928,51
10,366.13824462900004,439.421539307,52
10,366.190338135,440.82611084,53
10,368.507171631,438.994903565,54
10,368.385894775,439.336212158,55
10,366.66256713900003,440.161804199,56
10,366.595977783,440.384643555,57
10,365.790161133,439.222106934,58
10,366.671783447,439.639434815,59
10,366.50482177699996,441.001708984,60
10,366.266998291,440.266998291,61
10,366.188049316,439.241882324,62
10,366.51171875,439.506134033,63
10,366.64642334,439.450592041,64
10,366.67260742199994,439.771728516,65
10,366.496002197,439.515533447,66
10,365.70703125,438.761413574,67
10,366.077270508,438.12741088900003,68
10,365.83502197300004,438.554412842,69
10,366.03305053699995,438.17562866199995,70
10,366.51150512699996,438.496612549,71
10,366.64694213900003,438.44372558599997,72
10,366.504974365,439.013336182,73
10,366.189636231,438.730407715,74
10,366.324768066,438.338775635,75
10,366.543792725,438.597930908,76
10,365.188323975,438.26269531199995,77
10,364.754974365,438.354278565,78
10,364.553497315,437.76458740199996,79
10,364.86306762699996,437.51437377900004,80
10,364.75265502900004,438.05062866199995,81
10,366.0,436.0,82
10,365.17846679699994,437.984313965,83
10,366.40533447300004,438.21762085,84
10,365.77612304699994,438.342651367,85
10,365.679748535,438.50103759800004,86
10,366.99865722699997,438.79168701199995,87
11,101.691833496,483.602874756,0
11,100.776367188,483.88183593800005,1
11,100.861671448,484.35198974599996,2
11,100.665153503,484.38995361300005,3
11,101.483535767,483.098846435,4
11,101.55806732200001,483.140563965,5
11,101.081741333,483.08728027300003,6
11,101.67966461200001,483.619445801,7
11,101.48125457799999,482.588775635,8
11,101.869491577,482.680541992,9
11,100.314025879,483.450531006,10
11,100.48903656,482.82571411099997,11
11,101.622039795,483.345123291,12
11,101.634010315,483.32656860300006,13
11,101.422279358,483.23483276400003,14
11,101.728591919,483.09118652300003,15
11,101.20423126200001,482.923950195,16
11,101.542053223,482.25012207,17
11,102.88982391399999,482.040466309,18
11,99.7393951416,483.946777344,19
11,100.07767486600001,484.013427734,20
11,102.05227661100001,482.87792968800005,21
11,101.494392395,484.50329589800003,22
11,101.34030151399999,483.500091553,23
11,100.761856079,483.62387085,24
11,102.64958953899999,482.450042725,25
11,102.169303894,483.00427246099997,26
11,101.151321411,481.878570557,27
11,100.0,483.505615234,28
11,101.357681274,482.604064941,29
11,100.90887451200001,482.82751464800003,30
11,101.974479675,481.858215332,31
11,102.0,482.49841308599997,32
11,102.0,482.0,33
11,101.187263489,483.26910400400004,34
11,100.0,484.0,35
11,101.72984314,481.781066894,36
11,102.118499756,483.32708740199996,37
11,102.97993469200001,482.015716553,38
11,100.92238616899999,483.712554932,39
11,101.51309967,483.44683837900004,40
11,100.39630127,483.815765381,41
11,102.132102966,482.87786865199996,42
11,101.372055054,482.237731934,43
11,101.637275696,482.992004394,44
11,101.71883392299999,481.94909668,45
11,101.65977478,484.02883911099997,46
11,100.66129303,483.683563232,47
11,101.65480804399999,481.23791503900003,48
11,101.72647857700001,482.858551025,49
11,98.91376495360001,482.018737793,50
11,101.249816895,482.566925049,51
11,102.52150726299999,481.21469116199995,52
11,101.51427459700001,482.015625,53
11,102.48876190200001,481.60278320300006,54
11,102.516456604,482.49819946300005,55
11,102.41960144,480.93124389699994,56
11,102.560119629,479.97161865199996,57
11,101.108436584,481.924957275,58
11,101.00708007799999,482.49819946300005,59
11,99.3861160278,482.84939575199996,60
11,100.689254761,482.83834838900003,61
11,99.91423797610001,482.43209838900003,62
11,100.36533355700001,482.30334472699997,63
11,101.202682495,482.831970215,64
11,100.48617553700001,481.67504882800006,65
11,101.502182007,482.983215332,66
11,100.06952667200001,483.314147949,67
11,102.00901794399999,481.40234375,68
11,103.33654785200001,482.494262695,69
11,103.043327331,483.334625244,70
11,103.476242065,483.833221435,71
11,104.07292938200001,483.84466552699996,72
11,103.791442871,483.548339844,73
11,104.54537200899999,483.397003174,74
11,102.257499695,481.714324951,75
11,102.742576599,482.007263184,76
11,103.17066955600001,482.49450683599997,77
11,103.26525116,482.671386719,78
11,103.38801574700001,482.267852783,79
11,103.368927002,481.739929199,80
11,102.79093170200001,482.116333008,81
11,102.713394165,482.95776367199994,82
11,102.647193909,483.322235107,83
11,101.765403748,483.242095947,84
11,101.753692627,482.622741699,85
12,220.37579345700001,42.6175041199,0
12,221.085494995,44.20652771,1
12,220.497238159,42.783821106,2
12,220.17729187,42.8928871155,3
12,221.17083740200002,44.9524688721,4
12,219.555709839,41.482479095500004,5
12,220.59747314400002,43.4288482666,6
12,220.756713867,43.5854225159,7
12,221.69160461400003,46.3172111511,8
12,220.74450683599997,44.0250892639,9
12,220.52015686,42.3379592896,10
12,219.927032471,41.0342597961,11
12,219.325592041,39.665607452399996,12
12,220.0,42.0,13
12,220.934921265,43.404216766400005,14
12,220.55751037599998,42.9304389954,15
12,220.80880737299998,43.576293945299994,16
12,220.787017822,43.089229583699996,17
12,221.203857422,43.9686393738,18
12,222.11622619599999,46.1213989258,19
12,220.403198242,41.6849861145,20
12,220.247772217,41.0420837402,21
12,220.488296509,42.2714080811,22
12,222.534835815,47.0552749634,23
12,221.14753723099997,43.5100708008,24
12,221.14982605,43.5436019897,25
12,221.70149231,45.062461853,26
12,221.33815002400002,44.332885742200006,27
12,222.36045837400002,46.8636016846,28
12,221.27561950700002,43.960624694799996,29
12,221.25367736799998,43.7077713013,30
12,221.61366272,44.1636886597,31
12,220.762695312,42.1107749939,32
12,222.126541138,45.0836296082,33
12,222.538040161,45.729804992700004,34
12,222.24705505400001,45.4123573303,35
12,222.486495972,46.7899017334,36
12,222.35778808599997,46.82605361939999,37
12,222.06617736799998,45.1088562012,38
12,218.999984741,38.8413772583,39
12,219.20281982400002,39.0879821777,40
12,220.389373779,41.1771316528,41
12,222.489990234,45.576221466099994,42
12,222.851837158,46.3110313416,43
12,222.528076172,46.7104225159,44
12,221.22668457,42.9131278992,45
12,222.614776611,46.6240119934,46
12,222.753921509,46.738735199,47
12,222.50482177700002,46.015411377,48
12,222.743591309,46.0860137939,49
12,222.366729736,45.457153320299994,50
12,220.549530029,41.0810623169,51
12,222.61543273900003,46.3126373291,52
12,222.148025513,45.568107605,53
12,222.31784057599998,46.2267036438,54
12,220.01332092299998,39.2782897949,55
12,221.185958862,42.9013900757,56
12,219.29011535599997,39.5668487549,57
12,220.0,40.0,58
12,221.025817871,42.219367981,59
12,221.587905884,41.739082336399996,60
12,221.847595215,42.394912719699995,61
12,221.06262207,41.8699798584,62
12,219.732437134,38.965511322,63
12,219.77252197299998,38.84034729,64
12,219.662612915,37.3214225769,65
12,219.252456665,38.6206550598,66
12,219.909484863,38.7456970215,67
12,222.251922607,38.2730484009,68
12,221.685379028,37.7570495605,69
12,221.14549255400001,37.0166130066,70
12,219.594299316,38.7899971008,71
12,219.185531616,38.0804481506,72
12,220.13706970200002,39.137928009,73
12,220.331756592,40.0361976624,74
12,220.55821228,39.854682922399995,75
12,218.56465148900003,39.5954856873,76
12,218.360061645,38.2763328552,77
12,218.70816040000003,37.39661026,78
12,218.63583374,38.2710647583,79
12,219.19682312,38.4617843628,80
12,219.340393066,38.5429267883,81
12,219.075164795,38.4549484253,82
12,219.638214111,37.895595550500005,83
12,219.320724487,37.6636238098,84
13,71.75894927979999,322.002349853,74
13,70.0,322.508422852,75
13,70.2302780151,322.529083252,76
13,70.8101425171,322.479949951,77
13,71.7974090576,323.565612793,78
13,71.8160247803,322.29269409200003,79
13,71.7428588867,322.105773926,80
13,71.5308761597,322.072052002,81
13,71.8819198608,323.58001709,82
13,70.1022949219,323.07937622099996,83
13,69.7286071777,323.279083252,84
14,14.4893302917,404.803497315,0
14,14.2189188004,404.71914672800006,1
14,14.022731781,404.923522949,2
14,14.738765716600001,404.653717041,3
14,14.3920373917,404.796691894,4
14,13.979565620399999,404.77108764699994,5
14,13.8023738861,404.565887451,6
14,14.129224777200001,404.584472656,7
14,14.1045598984,404.589904785,8
14,14.085697174100002,404.57107544,9
14,14.1798448563,404.45056152300003,10
14,13.877182960499999,404.54138183599997,11
14,14.0857915878,404.502471924,12
14,14.9956159592,404.501159668,13
14,13.9825716019,404.32833862300004,14
14,13.7278985977,404.64294433599997,15
14,14.2377939224,404.65249633800005,16
14,13.9149341583,404.253967285,17
14,14.059741973900001,404.34667968800005,18
14,13.583693504300001,404.38156127900004,19
14,14.07695961,404.386901856,20
14,13.946233749400001,404.36367797800006,21
14,14.4204902649,404.047424316,22
14,14.196937560999999,404.135620117,23
14,13.993839263900002,404.015563965,24
14,14.3289022446,403.93811035199997,25
14,14.8827190399,403.99484252900004,26
14,14.1673774719,403.963165283,27
14,14.0465641022,404.084869385,28
14,13.4479465485,403.986145019,29
14,13.8761978149,403.97558593800005,30
14,14.2692022324,403.91452026400003,31
14,14.3405952454,404.206237793,32
14,14.8911046982,403.92086792,33
14,15.728104591400001,403.527069092,34
14,15.0493335724,403.940612793,35
14,14.783208847000001,403.91662597699997,36
14,13.897847175599999,403.57522583,37
14,13.7686882019,403.811096191,38
14,14.5822753906,403.792114258,39
14,14.4311695099,403.955413818,40
14,14.678566932699999,403.95333862300004,41
14,13.4604787827,403.610443115,42
14,14.718570709200002,403.58947753900003,43
14,14.8015222549,402.97332763699995,44
14,14.7477464676,403.628417969,45
14,14.7528848648,403.64685058599997,46
14,13.4273357391,403.82797241199995,47
14,14.1660223007,403.29476928699995,48
14,14.9785585403,403.547180176,49
14,14.1988897324,404.087005615,50
14,14.666430473299998,403.31939697300004,51
14,14.525144577,403.130523682,52
14,15.245200157200001,403.265594482,53
14,14.592206955,402.78640747099996,54
14,13.518579483,402.836486816,55
14,14.9118070602,402.30560302699996,56
14,14.264373779300001,402.708404541,57
14,15.9407081604,403.313659668,58
14,14.407326698299999,402.250549316,59
14,14.8052043915,402.99398803699995,60
14,15.3286485672,402.88928222699997,61
14,13.7178001404,402.79028320300006,62
14,14.422184944200001,402.95324707,63
14,14.1983890533,402.93862915,64
14,13.7602863312,402.79531860300006,65
14,13.9769210815,402.99624633800005,66
14,15.4812116623,402.49044799800004,67
14,16.323215484600002,402.994903565,68
14,16.1824741364,402.07443237300004,69
14,15.0,402.51321411099997,70
14,14.4951763153,402.508880615,71
14,15.0,403.0,72
14,14.987111091600001,402.555511475,73
14,13.983692169200001,402.725738525,74
14,12.917414665199999,403.195343018,75
14,15.1249666214,402.466552734,76
14,16.015129089400002,402.982116699,77
14,14.847703933699998,402.15554809599996,78
14,14.372901916500002,401.539093018,79
14,14.5015258789,402.503265381,80
14,13.8000516891,402.876983643,81
15,106.209251404,159.446060181,0
15,105.844642639,159.31652832,1
15,105.998977661,159.581710815,2
15,105.038658142,159.39453125,3
15,105.315414429,159.406784058,4
15,105.85814666700001,159.20539856,5
15,105.066421509,159.649032593,6
15,104.96481323200001,160.074371338,7
15,104.130226135,160.03074646,8
15,104.433731079,159.805343628,9
15,104.767967224,160.214279175,10
15,103.925285339,160.685180664,11
15,104.467048645,160.637207031,12
15,104.845863342,160.617507935,13
15,106.470451355,160.119064331,14
15,108.16457366899999,160.201095581,15
15,109.33074188200001,159.950042725,16
15,111.024360657,160.000747681,17
15,112.622406006,159.955093384,18
15,112.84133911100001,159.457122803,19
15,112.22583007799999,159.696014404,20
15,112.865158081,159.525314331,21
15,112.35871887200001,159.519897461,22
15,112.718360901,159.535964966,23
15,112.702941895,158.948944092,24
15,111.55807495100001,158.633590698,25
15,112.32899475100001,158.91969299299998,26
15,112.508308411,158.29376220700001,27
15,112.65431976299999,159.004226685,28
15,112.509086609,159.004776001,29
15,112.93550872799999,158.453674316,30
15,112.544715881,159.643386841,31
15,113.03845977799999,160.271530151,32
15,111.81171417200001,159.636657715,33
15,112.23706817600001,158.648330689,34
15,113.021148682,160.32194519,35
15,112.39450836200001,158.597106934,36
15,113.07999420200001,157.541213989,37
15,112.239334106,158.247741699,38
15,112.84308624299999,158.89224243200002,39
15,111.670539856,158.672927856,40
15,112.148880005,158.311248779,41
15,111.964202881,159.22428894,42
15,110.591567993,159.672348022,43
15,107.23567962700001,159.934936523,44
15,106.61045837399999,159.214782715,45
15,105.45037078899999,158.474060059,46
15,105.00920105,158.347366333,47
15,104.90027618399999,158.404113769,48
15,104.98439788799999,158.671478272,49
15,105.516685486,159.00050354,50
15,104.909126282,159.16819763200002,51
15,104.54186248799999,159.557876587,52
15,105.654655456,160.332122803,53
15,105.384376526,159.838775635,54
15,103.799255371,158.59466552700002,55
15,104.44200897200001,158.663085938,56
15,103.671867371,157.677337647,57
15,104.31854248,158.335113525,58
15,103.324165344,155.814285278,59
15,103.448402405,155.680084228,60
15,103.19972991899999,156.373641968,61
15,103.41660308799999,156.643783569,62
15,102.90969848600001,156.387298584,63
15,104.033546448,156.3800354,64
15,103.71020507799999,156.604705811,65
15,102.86141204799999,156.131668091,66
15,102.542282105,155.7578125,67
15,102.702186584,155.777908325,68
15,102.997795105,156.682403564,69
15,101.888366699,157.49884033200001,70
15,103.292640686,156.86340332,71
15,103.0,155.512390137,72
16,247.35191345200002,188.816268921,0
16,246.72442626900002,188.059127808,1
16,246.100891113,188.300720215,2
16,246.61726379400002,188.61364746099997,3
16,246.793380737,187.891799927,4
16,247.21615600599998,188.098083496,5
16,246.92413330099998,188.260375977,6
16,246.91525268599997,188.98722839400003,7
16,246.4765625,188.460205078,8
16,246.51121521,187.80055236799998,9
16,246.877807617,188.10092163099998,10
16,247.016769409,188.723999023,11
16,247.15013122599998,187.50761413599997,12
16,246.960906982,187.466766357,13
16,246.175308228,187.20672607400002,14
16,246.850463867,188.127883911,15
16,246.68310546900003,187.23291015599997,16
16,246.54833984400003,187.43896484400003,17
16,246.01641845700001,188.16999816900002,18
16,246.348876953,187.99589538599997,19
16,246.44973754900002,187.04852294900002,20
16,246.43464660599997,187.12870788599997,21
16,246.340454102,186.341125488,22
16,247.198074341,187.43771362299998,23
16,246.14874267599998,187.651535034,24
16,245.57458496099997,188.39100647,25
16,246.20413208,185.93675231900002,26
16,247.028030395,186.89918518099998,27
16,246.38053894,187.142456055,28
16,246.69432067900001,186.21017456099997,29
16,246.63117981,187.36474609400003,30
16,246.542556763,187.091201782,31
16,246.159057617,187.245254517,32
16,247.00416564900002,187.98080444299998,33
16,246.93141174299998,187.65856933599997,34
16,246.985733032,187.896347046,35
16,247.367782593,189.045013428,36
16,246.99418640099998,186.205734253,37
16,246.53620910599997,186.0184021,38
16,246.454986572,186.12669372599998,39
16,246.00259399400002,185.998626709,40
16,246.11839294400002,186.03944397,41
16,246.369766235,185.55490112299998,42
16,246.992599487,186.161331177,43
16,246.57049560599998,186.301345825,44
16,246.892745972,187.92266845700001,45
16,246.459701538,187.150558472,46
16,245.85580444299998,186.790863037,47
16,246.74908447299998,186.5962677,48
16,245.88276672400002,186.47833251900002,49
16,245.549545288,186.84060668900003,50
16,246.219482422,187.028671265,51
16,247.073944092,186.93254089400003,52
16,247.207733154,187.22149658200001,53
16,246.497344971,186.49197387700002,54
16,246.495407105,186.99185180700002,55
16,247.25730896,187.134521484,56
16,247.255981445,187.54661560099998,57
16,248.222671509,187.157608032,58
16,248.232925415,187.59713745099998,59
16,247.00817871099997,186.0,60
16,246.05101013200002,185.738113403,61
16,247.104141235,186.93450927700002,62
16,246.65505981400003,187.24964904799998,63
16,246.516952515,187.14050293,64
16,245.16635131799998,187.217330933,65
16,243.94317626900002,186.534729004,66
16,244.059570312,186.562438965,67
16,244.29959106400003,186.154907227,68
16,244.977676392,187.25801086400003,69
16,245.75202941900002,187.72720336900002,70
16,246.075317383,188.54393005400001,71
16,248.0,186.0,72
17,4.2408537865,73.9628677368,13
17,9.2741518021,72.2462081909,14
17,13.117897033699998,70.0245361328,15
17,18.3429145813,68.00575256350001,16
17,22.6469936371,64.1476516724,17
17,26.9872913361,61.9666442871,18
17,33.3083381653,60.925468444799996,19
17,42.3590774536,60.0568084717,20
17,50.071895599399994,59.9841346741,21
17,55.5088348389,60.1308250427,22
17,56.746112823500006,59.5199623108,23
17,57.582290649399994,59.105060577399996,24
17,57.9344596863,59.5797309875,25
17,57.993598938000005,59.496044158900006,26
17,57.4458847046,58.9829368591,27
17,58.2992401123,58.9113082886,28
17,57.7419776917,59.0127296448,29
17,57.8743743896,58.6896209717,30
17,58.7045974731,59.0283050537,31
17,58.0647010803,59.127006530799996,32
17,57.537902832,59.3087272644,33
17,57.785346984899995,59.354412078900005,34
17,57.8115539551,58.516162872299994,35
17,57.7671051025,58.4694595337,36
17,57.8609809875,58.6362380981,37
17,57.2333717346,58.325531005900004,38
17,57.8542785645,57.8022880554,39
17,57.4857063293,58.237636566199996,40
17,57.571659088100006,58.1656608582,41
17,57.5679855347,58.4980163574,42
17,57.2107963562,58.5137481689,43
17,57.843006134,58.7759742737,44
17,57.5675964355,58.3078842163,45
17,58.305927276599995,57.822555541999996,46
17,57.7268867493,57.863552093500005,47
17,57.3650093079,58.2188568115,48
17,57.0003242493,58.049995422399995,49
17,57.876476287799996,57.434791564899996,50
17,57.2356758118,57.9642791748,51
17,57.47695922850001,57.536441803,52
17,57.25365448,57.7212562561,53
17,56.5406723022,57.5201644897,54
17,57.6315841675,57.501682281499995,55
17,58.6133575439,57.3533782959,56
17,57.247631073,57.5272483826,57
17,57.5267486572,57.4839324951,58
17,57.5158500671,57.956829071,59
17,57.6224632263,57.736270904499996,60
17,57.4460372925,58.0145492554,61
17,59.207088470500004,58.8007049561,62
17,59.3041534424,57.380073547399995,63
17,59.3533363342,57.7231750488,64
17,61.351371765100005,57.448890686000006,65
17,61.0988006592,58.152545929,66
17,66.7320404053,59.8712272644,67
17,66.82852172850001,60.751346588100006,68
17,67.8849105835,61.229850768999995,69
17,67.5770339966,61.7842521667,70
17,67.0774536133,60.757335662799996,71
17,67.6630554199,60.313346862799996,72
18,301.731689453,363.965667725,0
18,301.953033447,364.42517089800003,1
18,302.253173828,364.280731201,2
18,302.017364502,363.991699219,3
18,301.84597778299997,364.411987305,4
18,301.963287353,364.50262451199995,5
18,301.923919678,363.51296997099996,6
18,302.35617065400004,364.36605835,7
18,301.520507812,363.68713378900003,8
18,301.962402344,363.71551513699995,9
18,301.469696045,363.69598388699995,10
18,301.45812988299997,363.32293701199995,11
18,302.31097412099996,363.88830566400003,12
18,301.52883911099997,363.20989990199996,13
18,301.710113525,362.47790527300003,14
18,301.583221435,362.79650878900003,15
18,301.63253784200003,364.396972656,16
18,301.171875,362.53164672800006,17
18,302.38238525400004,363.582855225,18
18,302.456359863,363.28326416,19
18,302.679016113,363.85006713900003,20
18,301.93469238299997,363.11621093800005,21
18,301.814758301,362.59863281199995,22
18,302.630126953,364.09222412099996,23
18,302.679626465,364.079742432,24
18,302.081695557,363.581939697,25
18,302.51324462900004,363.00433349599996,26
18,302.08581543,363.093475342,27
18,301.27316284200003,362.360198975,28
18,302.077789307,363.78048706,29
18,302.191986084,362.58419799800004,30
18,302.05032348599997,361.58050537099996,31
18,301.833068848,363.063079834,32
18,302.49108886700003,362.225097656,33
18,301.752532959,363.978851318,34
18,302.564941406,362.186340332,35
18,301.88238525400004,362.46701049800004,36
18,302.048065185,363.095886231,37
18,301.147369385,361.72970581,38
18,301.832550049,363.280731201,39
18,302.07962036099997,363.228332519,40
18,301.998046875,362.999969482,41
18,301.53863525400004,363.65939331,42
18,301.861114502,364.34866333,43
18,301.090484619,363.77252197300004,44
18,301.867370606,363.543243408,45
18,302.0,362.49127197300004,46
18,302.283020019,362.71520996099997,47
18,303.24386596700003,362.390045166,48
18,301.67288208,362.329223633,49
18,301.78097534200003,362.43103027300003,50
18,301.992492676,363.629974365,51
18,301.465454102,364.745849609,52
18,299.922851562,364.47726440400004,53
18,299.248718262,364.147338867,54
18,299.128509522,363.959533691,55
18,298.678039551,363.853332519,56
18,299.265441894,363.789855957,57
18,299.340179443,363.675292969,58
18,299.820800781,362.191223144,59
18,301.49777221700003,363.002288818,60
18,301.73840332,362.13351440400004,61
18,301.76129150400004,362.62261962900004,62
18,301.547912598,362.006866455,63
18,302.0,362.504547119,64
18,301.47106933599997,362.127441406,65
18,302.447509766,362.63183593800005,66
18,302.99850463900003,362.002716065,67
19,107.249305725,323.622528076,0
19,107.146339416,323.534179688,1
19,107.261535645,323.305206299,2
19,107.312820435,323.186187744,3
19,107.18208313,323.017913818,4
19,107.411010742,323.29031372099996,5
19,107.484588623,323.15774536099997,6
19,107.54161071799999,323.708190918,7
19,107.33366394,323.551025391,8
19,107.34299469,323.291168213,9
19,107.031242371,323.30148315400004,10
19,107.27352905299999,323.036773682,11
19,107.124717712,323.16140747099996,12
19,107.416870117,323.021270752,13
19,107.20817565899999,322.929779053,14
19,107.665611267,322.551422119,15
19,107.56519317600001,323.064453125,16
19,107.43608093299999,322.231658935,17
19,107.70259857200001,322.443969727,18
19,107.420600891,322.345794678,19
19,107.42073822,322.925445557,20
19,107.282371521,322.829437256,21
19,107.519744873,322.723480225,22
19,107.70901489299999,321.76965332,23
19,107.55917358399999,322.319671631,24
19,107.194618225,322.300628662,25
19,107.441665649,322.42288208,26
19,107.358879089,322.62545776400003,27
19,107.617492676,321.826904297,28
19,107.479606628,322.035461426,29
19,107.722579956,321.47390747099996,30
19,107.954307556,322.26272583,31
19,107.44143676799999,321.419372559,32
19,107.613922119,322.048339844,33
19,107.27810669,322.136688232,34
19,107.220542908,321.925933838,35
19,107.321128845,321.234222412,36
19,107.19004821799999,321.366119385,37
19,107.606384277,323.060546875,38
19,107.336280823,322.160125732,39
19,107.555679321,321.940338135,40
19,107.64178466799999,321.49407959,41
19,107.752883911,321.854309082,42
19,107.93019866899999,321.63168335,43
19,107.616218567,321.743255615,44
19,107.372047424,321.411224365,45
19,107.61060333299999,321.40466308599997,46
19,107.703697205,320.881866455,47
19,108.24140930200001,321.24304199200003,48
19,107.582801819,321.488250732,49
19,107.39969635,321.407043457,50
19,107.37511444100001,320.919708252,51
19,107.144935608,321.388336182,52
19,107.195785523,321.60827636700003,53
19,107.64978027299999,320.900482178,54
19,107.143417358,321.709289551,55
19,107.981864929,320.54537963900003,56
19,107.83471679700001,321.938903809,57
19,107.493202209,320.979309082,58
19,107.0,322.0,59
20,362.29229736300005,80.83414459229999,39
20,361.877807617,83.661315918,40
20,361.984191894,84.3994827271,41
20,360.921691894,83.84921264649999,42
20,360.945831299,84.3807373047,43
20,360.21722412099996,85.3779602051,44
20,360.191650391,85.41622924800001,45
20,360.234069824,85.2899475098,46
20,360.18261718800005,85.2670288086,47
20,360.302215576,85.04219818119999,48
20,360.259796143,84.898399353,49
20,360.34533691400003,85.4902267456,50
20,360.43560791,85.25031280520001,51
20,360.09976196300005,85.0309906006,52
20,360.43121337900004,85.6112442017,53
20,360.33239746099997,85.1281585693,54
20,359.400421143,84.4194030762,55
20,359.44494628900003,84.0842208862,56
20,359.152618408,82.7017364502,57
20,359.002197266,79.779296875,58
20,358.741607666,76.33917999270001,59
21,352.0,420.0,50
21,352.32247924800004,421.15979003900003,51
21,351.636413574,420.6640625,52
21,351.517822266,420.490417481,53
21,353.258148193,422.578613281,54
21,354.0,422.0,55
21,354.101654053,422.921813965,56
21,353.53994751,421.656219482,57
21,353.302856445,421.690307617,58
22,161.306915283,407.24710083,0
22,161.004272461,407.492767334,1
22,161.363433838,407.920043945,2
22,161.045761108,408.06127929699994,3
22,161.381484985,407.65640258800005,4
22,161.253631592,407.821166992,5
22,161.527587891,407.460754394,6
22,161.29078674299998,407.575683594,7
22,161.575912476,407.73864746099997,8
22,161.440292358,407.58029174800004,9
22,161.2056427,407.01211547800006,10
22,161.462646484,406.312194824,11
22,161.009353638,407.518890381,12
22,161.044021606,407.946472168,13
22,161.999389648,407.236358643,14
22,161.073257446,407.219085693,15
22,161.843429565,406.99459838900003,16
22,161.536697388,407.078186035,17
22,161.017074585,407.034851074,18
22,161.281188965,407.01013183599997,19
22,161.26837158200001,406.985168457,20
22,160.97782898,407.043792725,21
22,161.277877808,407.04275512699996,22
22,160.999740601,407.197601318,23
22,161.487518311,406.90625,24
22,161.57333374,407.78247070300006,25
22,161.411727905,407.472961426,26
22,161.397064209,406.70291137699996,27
22,160.68150329600002,407.477203369,28
22,161.072006226,406.703613281,29
22,161.2396698,406.467071533,30
22,161.40980529799998,407.01129150400004,31
22,161.331466675,406.522064209,32
22,162.11289978,407.40856933599997,33
22,161.440200806,406.733856201,34
22,161.316986084,406.305236816,35
22,161.491638184,406.541778565,36
22,161.211090088,406.70892334,37
22,162.494812012,406.497039795,38
22,161.386535644,406.067779541,39
22,161.198913574,406.32766723599997,40
22,161.275909424,406.147796631,41
22,161.669296265,405.933563232,42
22,162.0,406.49765014699994,43
22,161.295089722,405.227416992,44
22,162.0,406.0,45
22,161.402908325,406.037597656,46
22,161.160079956,406.01522827199994,47
22,161.056900024,406.243041992,48
22,160.356796265,406.618347168,49
22,160.160186768,406.494018555,50
22,160.09927368200002,407.67144775400004,51
22,160.170516968,407.47912597699997,52
22,161.541091919,405.641174316,53
22,161.002578735,406.49240112300004,54
23,198.23524475099998,8.8746824265,45
23,200.092391968,9.7729387283,46
23,200.821136475,8.1684389114,47
23,202.012786865,8.1833019257,48
23,200.490203857,9.0080051422,49
23,199.183563232,8.8252515793,50
24,372.0,256.0,21
24,372.639312744,256.918640137,22
24,372.16055297800006,255.853118897,23
24,372.789154053,254.87908935599998,24
24,372.90194702199994,255.39041137700002,25
24,372.419433594,255.15841674799998,26
24,372.755279541,255.702102661,27
24,373.286804199,255.409454346,28
24,372.65032959,255.121032715,29
24,372.61029052699996,255.994567871,30
24,372.783477783,256.537200928,31
24,372.781219482,256.873840332,32
24,372.12423706,256.114990234,33
24,372.0,255.50231933599997,34
24,372.267852783,253.99714660599997,35
24,372.592102051,256.595886231,36
24,371.752746582,256.741363525,37
24,372.0,256.0,38
25,492.60617065400004,156.29701232899998,0
25,492.532348633,156.436553955,1
25,492.70980835,156.388763428,2
25,492.851501465,155.594192505,3
25,492.453613281,155.385818481,4
25,492.180023193,155.283676147,5
25,491.93234252900004,155.466949463,6
25,492.693847656,155.478363037,7
25,492.952636719,154.606552124,8
25,492.198059082,155.940414429,9
25,492.372802734,154.834442139,10
25,492.34240722699997,155.0050354,11
25,492.18286132800006,155.08821106,12
25,492.64190673800005,155.096679688,13
25,492.56323242199994,155.088256836,14
25,492.02435302699996,155.00479126,15
25,493.033233643,155.066482544,16
25,492.65106201199995,154.740341186,17
25,492.62930297800006,155.844268799,18
25,492.56906127900004,153.946884155,19
25,491.12823486300005,155.324249268,20
25,491.779571533,154.051391602,21
25,492.491699219,154.98162841799999,22
25,491.494140625,155.192947388,23
25,493.502746582,154.708679199,24
25,492.01965332,155.461212158,25
25,491.81597900400004,154.624008179,26
25,492.236846924,154.429412842,27
25,492.032348633,154.485946655,28
25,492.499938965,154.628967285,29
25,491.601806641,155.196395874,30
25,492.00628662099996,154.253204346,31
25,492.56799316400003,154.28343200700002,32
25,492.847991943,153.789596558,33
25,491.506164551,154.48025512700002,34
25,491.763031006,154.60580444299998,35
25,492.0,155.507064819,36
25,492.00405883800005,154.249008179,37
26,396.06896972699997,24.680883407600003,20
26,397.164855957,17.4126110077,21
26,399.498016357,13.8519906998,22
26,399.09286499,13.049062728900001,23
26,399.686981201,12.5471277237,24
26,399.129852295,13.3758192062,25
26,399.27023315400004,12.7774896622,26
26,398.933319092,12.5127630234,27
26,399.400054932,12.326487541199999,28
26,398.160339356,13.0979242325,29
26,397.141571045,15.7018671036,30
26,391.981872559,23.2891864777,31
26,386.642333984,38.7399559021,32
26,383.481292725,47.878398895299995,33
26,379.930847168,56.1856155396,34
26,376.64273071300005,61.6375579834,35
26,375.763427734,65.67292785640001,36
26,373.717346191,70.1583786011,37
27,198.669113159,10.9186859131,22
27,199.08239746099997,10.083142280599999,23
27,197.88331604,10.8114004135,24
27,198.468612671,10.2558660507,25
27,200.407958984,8.704407692,26
27,199.511962891,8.516928672799999,27
27,198.85925293,9.7723312378,28
27,200.829498291,8.6283826828,29
27,201.503356934,9.0,30
27,200.799545288,8.7398557663,31
28,354.664123535,422.98828125,0
28,354.637023926,423.472076416,1
28,353.56768798800005,423.070648193,2
28,354.40722656199995,423.72131347699997,3
28,354.19799804699994,424.123229981,4
28,354.12570190400004,422.681640625,5
28,353.73477172800006,423.029937744,6
28,353.58471679699994,423.846191406,7
28,353.73867797800006,422.644439697,8
28,354.24429321300005,423.24114990199996,9
28,353.75088501,422.060028076,10
28,353.54275512699996,421.87341308599997,11
28,353.47305297800006,422.505218506,12
28,354.424987793,423.57495117199994,13
28,353.957611084,422.54586792,14
28,354.50189209,423.00579834,15
28,354.227081299,424.293518066,16
28,353.78341674800004,421.78414917,17
28,354.0,422.0,18
28,354.12576294,422.877471924,19
28,353.292449951,422.073272705,20
28,353.273529053,421.779296875,21
28,353.83099365199996,421.277374268,22
28,354.246063232,421.248291016,23
28,354.142578125,422.883636475,24
28,354.35736084,423.227203369,25
28,354.20529174800004,422.45724487300004,26
28,354.246948242,422.62152099599996,27
28,354.25042724599996,421.260772705,28
28,354.0,422.0,29
29,262.316619873,331.942779541,0
29,263.493591309,330.667449951,1
29,263.100585938,331.66833496099997,2
29,263.40423584,332.510498047,3
29,263.641845703,333.28894043,4
29,264.22570800799997,332.586517334,5
29,263.976531982,332.707092285,6
29,263.237792969,331.91839599599996,7
29,262.54464721700003,331.798828125,8
29,263.591156006,332.26083374,9
29,263.73785400400004,331.95355224599996,10
29,263.466461182,332.122558594,11
29,263.990234375,333.009460449,12
29,263.996734619,330.291107178,13
29,262.99887085,332.502197266,14
29,263.248382568,333.07449340799997,15
29,263.202728272,332.135925293,16
29,262.997711182,332.0,17
29,263.728851318,333.18917846700003,18
29,262.999420166,332.291412353,19
29,263.733642578,331.929840088,20
29,264.359375,333.18951416,21
29,265.00738525400004,333.644744873,22
29,262.877502441,331.15124511700003,23
29,263.50402832,330.01217651400003,24
29,263.175262451,330.155914307,25
29,262.490325928,333.001312256,26
29,263.157043457,332.476715088,27
29,263.49758911099997,332.0,28
30,384.46249389699994,273.81555175799997,14
30,379.40322876,266.44250488299997,15
30,376.78555297800006,262.260772705,16
30,375.32046508800005,261.035675049,17
30,373.662994385,259.17501831,18
30,372.814178467,257.492431641,19
30,372.303588867,257.23348999,20
30,372.0,258.0,21
31,502.127288818,373.186645508,0
31,502.05581665,372.759643555,1
31,501.979675293,372.75152587900004,2
31,502.390289307,373.20550537099996,3
31,501.450012207,374.746276856,4
31,502.61367797800006,374.72958374,5
31,501.97174072300004,375.15444946300005,6
31,502.049011231,373.280975342,7
31,501.971343994,373.58880615199996,8
31,502.495239258,374.486877441,9
31,502.0,374.0,10
31,502.970214844,370.825317383,11
31,502.50759887699996,371.36364746099997,12
31,502.513153076,372.475402832,13
31,502.43270874,370.93673706,14
31,502.491241455,370.50201416,15
31,501.83862304699994,372.23767089800003,16
31,502.441162109,371.27780151400003,17
31,502.0,372.0,18
31,502.286987305,371.76211547800006,19
31,501.535644531,372.084167481,20
32,2.5158803463,193.479888916,0
32,2.6212551594,193.72775268599997,1
32,2.5831446648,193.286636353,2
32,2.6057391166999997,193.21810913099998,3
32,2.575376749,192.7290802,4
32,2.7027368546,193.00604248099998,5
32,2.6790816784,193.146316528,6
32,2.5325684547,192.858535767,7
32,2.4327914715,191.97145080599998,8
32,0.7940602899,191.87739563,9
32,2.649387598,193.406799316,10
32,2.6795494556,192.49244689900002,11
32,2.587654829,192.70320129400002,12
32,3.1500267982,192.52435302700002,13
32,2.7339668274,193.118530273,14
32,2.5803985596,192.73123168900003,15
32,2.6685130596,192.445144653,16
32,2.7588813305,192.54121398900003,17
32,2.5128929615,192.98640441900002,18
32,2.5185084343,192.995376587,19
33,258.976654053,279.0184021,0
33,258.938659668,278.872131348,1
33,258.993927002,278.97668457,2
33,258.902435303,279.408081055,3
33,259.011932373,279.001312256,4
33,257.790466309,278.58404541,5
33,258.017669678,278.999176025,6
33,258.500213623,278.514343262,7
33,259.0,279.0,8
33,258.752746582,278.965789795,9
33,259.528625488,279.85119628900003,10
33,258.654632568,279.103820801,11
33,258.859375,278.870513916,12
33,259.0,278.0,13
33,258.996398926,278.396179199,14
33,259.503723144,278.0,15
33,258.869171143,278.85671997099996,16
33,259.18820190400004,277.87155151400003,17
33,257.939666748,279.30166626,18
33,258.992858887,278.496673584,19
34,78.0030593872,54.198848724399994,13
34,77.647315979,54.5066642761,14
34,77.7696456909,53.9153594971,15
34,77.6353149414,54.5411682129,16
34,78.3376617432,54.8155441284,17
34,79.4766159058,54.4922714233,18
34,77.5181732178,54.651905059799994,19
35,397.064422607,302.320983887,0
35,397.023254394,300.83505249,1
35,398.318481445,302.893066406,2
35,400.259765625,304.898956299,3
35,400.654785156,305.39529419,4
35,400.154785156,304.33508300799997,5
35,400.252746582,304.992431641,6
35,400.31439209,305.48522949200003,7
35,399.681335449,304.29058837900004,8
35,398.76974487300004,301.413391113,9
35,399.2059021,300.686096191,10
35,398.543548584,299.677551269,11
35,397.85620117199994,296.350921631,12
36,58.8927192688,55.3568763733,9
36,58.503265380900004,55.0058250427,10
36,58.0650253296,55.211063385,11
36,59.009552002,54.8094444275,12
37,174.304718018,445.599578857,4
37,174.744735718,445.753112793,5
37,177.014373779,445.32519531199995,6
37,173.50033569299998,445.543273926,7
37,173.772979736,445.536224365,8
37,174.132400513,445.318542481,9
37,175.40789794900002,445.3984375,10
37,175.86416626,445.40274047800006,11
38,199.398330689,8.7822408676,3
38,200.661376953,8.4831123352,4
38,200.638793945,8.1747531891,5
38,199.680526733,9.6765527725,6
39,264.275695801,179.84111023,1
39,263.753814697,179.00494384799998,2
39,263.512634277,178.88845825200002,3
39,264.366394043,179.49949646,4
39,263.73785400400004,179.92753601099997,5
